{"names": ["biskclub_choc", "biskclub_orange", "biskclub_pineapple", "biskclub_strawberry", "chipsmore_mini_doublechoc", "chipsmore_mini_hazelnut", "chipsmore_mini_ori", "gery_cheese_crackers", "hwatai_banana", "hwatai_blueberry", "hwatai_choc", "hwatai_luxury_chips", "hwatai_waffler", "julies_golden", "luxury_chia", "luxury_ori", "malkist_bbq_crackers", "malkist_belgian", "malkist_cream_crackers", "malkist_sweet", "muchys_blueberry_tart", "muchys_choc_sandwhich_cookie", "muchys_strawberry_tart", "muchys_vanilla_sandwhich_cookie", "munchys_choc_biscuit", "munchys_dark_cookie", "munchys_muzic", "munchys_ori_cookie", "munchys_white_biscuit", "tiger_ori", "tiger_susu"], "yaml": {"nc": 31, "scales": {"n": [0.5, 0.25, 1024], "s": [0.5, 0.5, 1024], "m": [0.5, 1.0, 512], "l": [1.0, 1.0, 512], "x": [1.0, 1.5, 512]}, "backbone": [[-1, 1, "Conv", [64, 3, 2]], [-1, 1, "Conv", [128, 3, 2]], [-1, 2, "C3k2", [256, false, 0.25]], [-1, 1, "Conv", [256, 3, 2]], [-1, 2, "C3k2", [512, false, 0.25]], [-1, 1, "Conv", [512, 3, 2]], [-1, 2, "C3k2", [512, true]], [-1, 1, "Conv", [1024, 3, 2]], [-1, 2, "C3k2", [1024, true]], [-1, 1, "SPPF", [1024, 5]], [-1, 2, "C2PSA", [1024]]], "head": [[-1, 1, "nn.Upsample", ["None", 2, "nearest"]], [[-1, 6], 1, "Concat", [1]], [-1, 2, "C3k2", [512, false]], [-1, 1, "nn.Upsample", ["None", 2, "nearest"]], [[-1, 4], 1, "Concat", [1]], [-1, 2, "C3k2", [256, false]], [-1, 1, "Conv", [256, 3, 2]], [[-1, 13], 1, "Concat", [1]], [-1, 2, "C3k2", [512, false]], [-1, 1, "Conv", [512, 3, 2]], [[-1, 10], 1, "Concat", [1]], [-1, 2, "C3k2", [1024, true]], [[16, 19, 22], 1, "Detect", ["nc"]]], "scale": "s", "yaml_file": "yolo11s.yaml", "ch": 3}, "nc": 31, "args": {"model": "yolo11s.pt", "batch": 16, "imgsz": 640}, "ultralytics_version": "8.3.34", "model_type": "yolov11"}